instrument,stock_name,score,T_peak,peak_close,pre_peak_surge,bear_weeks,drawdown_ratio,trough_date,trough_close,drawdown_in_range,bear_duration_ok,base_start,base_end,base_weeks,vol_med_base,base_formed,trigger_week,trigger_recency_days,close_vs_ma120,close_vs_ma250,vr,launch_ma,launch_volume_vr,launch_volume_base,pre_trigger_big_days,quiet_pre_trigger,current_close_vs_ma20w,current_close_vs_ma120w,recent_3m_big_days,post_trigger_ret_pct,post_trigger_big_days,merge_sources,rank_4a,score_4a,rank_4b,score_4b,detail_4b,mode,date_start,close_start,date_end,close_end,ret
300184.SZ,力源信息,61,2019-05-31,11.0,False,136,0.6427,2024-02-02,3.9300127644500793,True,True,,,,,False,2024-03-15,70,1.094,,2.1782,True,True,False,4.0,False,0.9342,0.9063,2,-19.73,1.0,['4A'],118.0,61.0,,,,,2024-05-24,4.719986418375373,2024-08-23,8.739980200503416,85.17
002700.SZ,万憬能源,67,,,False,58,0.7041,2022-05-06,,,,,,,,,2024-03-15,70,,,1.7351,True,,,,,1.0926,1.2707,0,10.17,,['4B'],,,14.0,67.0,,4B_fresh_breakout,2024-05-24,5.754882861703391,2024-08-23,9.366248574494472,62.75
301036.SZ,双乐股份,55,2022-01-14,30.13,False,104,0.5631,2024-02-09,13.162437224949125,True,True,,,,,False,2024-05-24,0,1.0113,,1.6409,True,True,False,4.0,False,1.1048,1.0113,3,0.0,0.0,['4A'],141.0,55.0,,,,,2024-05-24,20.061228123577727,2024-08-23,26.59854703767217,32.59
002938.SZ,鹏鼎控股,44,2019-12-06,48.83,True,109,0.6706,2024-02-02,16.08402124325762,True,True,,,,,False,2024-05-10,14,1.0317,,2.4052,True,True,False,2.0,True,1.2738,1.0843,2,4.12,0.0,['4A'],170.0,44.0,,,,,2024-05-24,26.984698341937786,2024-08-23,33.142963423775534,22.82
601766.SH,中国中车,67,2019-03-01,8.13,False,82,0.5117,2022-09-30,3.97,True,True,,,,,False,2023-05-12,378,1.0545,,1.582,True,True,False,0.0,True,1.0601,1.2451,1,8.85,1.0,['4A'],63.0,67.0,,,,,2024-05-24,6.381862652160437,2024-08-23,7.75023337374975,21.44
002475.SZ,立讯精密,72,2022-01-21,46.45,True,102,0.4553,2024-02-02,25.300526486618313,True,True,,,,,False,2024-03-22,63,1.0093,,2.4739,True,True,False,0.0,True,1.0856,0.9922,0,-1.04,0.0,['4A'],52.0,72.0,,,,,2024-05-24,31.104932415782542,2024-08-23,37.67807589740119,21.13
002916.SZ,深南电路,51,2022-01-28,87.58,True,101,0.5681,2024-02-02,37.82911882461227,True,True,,,,,False,2024-03-08,77,1.0755,,3.5542,True,True,False,2.0,True,1.1538,1.111,2,1.88,0.0,['4A'],148.0,51.0,,,,,2024-05-24,68.32977073338152,2024-08-23,81.8838729029461,19.84
002098.SZ,浔兴股份,62,2019-03-15,10.71,False,148,0.5995,2024-02-09,4.28988614148249,True,True,,,,,False,2024-05-10,14,1.0249,,1.0029,True,True,False,2.0,True,1.0711,1.0037,0,-2.19,0.0,['4A'],102.0,62.0,,,,,2024-05-24,6.042344959698103,2024-08-23,6.980731567696356,15.53
600575.SH,淮河能源,38,2022-02-25,3.71,False,98,0.4018,2024-02-02,2.2191766348813426,True,True,,,,,False,2024-04-05,49,1.0289,,1.1433,True,True,False,0.0,True,1.289,1.274,0,25.45,0.0,"['4A', '4B']",182.0,38.0,10.0,82.0,"{'instrument': '600575.SH', 'stock_name': '淮河能源', 'score': 82, 'mode': '4B_fresh_breakout', 'current_close_vs_ma20w': 1.289, 'current_close_vs_ma120w': 1.274, 'recent_3m_big_days': 0, 'post_trigger_ret_pct': 25.45, 'trigger_recency_days': 49, 'trigger_week': '2024-04-05', 'vr': 1.1433, 'launch_ma': True, 'drawdown_ratio': 0.4018, 'bear_weeks': 98, 'trough_date': '2024-02-02', 'pre_peak_surge': False}",,2024-05-24,3.343299664026505,2024-08-23,3.7600140615541764,12.46
600000.SH,浦发银行,67,,,False,52,0.4459,2022-11-04,,,,,,,,,2024-04-05,49,,,0.5927,True,,,,,1.1676,1.209,0,16.74,,['4B'],,,13.0,67.0,,4B_fresh_breakout,2024-05-24,7.901615893497743,2024-08-23,8.735090436884546,10.55
600577.SH,精达股份,65,2022-01-14,7.34,True,103,0.5666,2024-02-02,3.1813820829397987,True,True,,,,,False,2024-03-22,63,1.0293,,2.4229,True,True,False,0.0,True,1.0546,0.9728,2,-1.54,1.0,['4A'],68.0,65.0,,,,,2024-05-24,4.295234093744383,2024-08-23,4.74633156402843,10.5
601077.SH,渝农商行,67,,,False,58,0.6039,2022-12-23,,,,,,,,,2024-03-15,70,,,1.311,True,,,,,1.1149,1.4304,0,12.22,,['4B'],,,15.0,67.0,,4B_fresh_breakout,2024-05-24,4.406643584601554,2024-08-23,4.812373877191272,9.21
600299.SH,安迪苏,62,2019-04-19,13.92,False,93,0.5107,2024-02-02,6.81080750015865,True,True,,,,,False,2024-05-03,21,1.0952,,1.6366,True,True,False,1.0,True,1.1311,1.089,0,-0.6,0.0,['4A'],99.0,62.0,,,,,2024-05-24,9.693423359949156,2024-08-23,10.444601691934986,7.75
002755.SZ,奥赛康,56,2019-11-22,16.11,False,112,0.5387,2024-02-09,7.43206304323294,True,True,,,,,False,2024-03-29,56,1.0722,,1.6086,True,True,False,3.0,False,1.0647,1.0968,3,-1.33,2.0,['4A'],127.0,56.0,,,,,2024-05-24,10.363306408363307,2024-08-23,11.158351421716239,7.67
600664.SH,哈药股份,76,2019-03-29,6.24,False,78,0.5769,2022-09-30,2.64,True,True,2022-11-11,2023-04-21,23.0,145111118.0,True,2023-05-19,371,1.0473,,3.0703,True,True,True,4.0,False,0.9804,0.93,0,-21.02,0.0,['4A'],26.0,76.0,,,,,2024-05-24,2.9300145929455743,2024-08-23,3.14995054953357,7.51
300677.SZ,英科医疗,65,2022-01-14,57.34,True,103,0.6725,2024-02-02,18.776340186286944,True,True,,,,,False,2024-04-26,28,1.0636,,1.5687,True,True,False,2.0,True,1.0512,0.9509,0,-7.8,0.0,['4A'],75.0,65.0,,,,,2024-05-24,23.84133907688814,2024-08-23,25.506358680381197,6.98
601009.SH,南京银行,72,2022-04-22,9.82,True,83,0.3626,2023-12-15,6.259559163552084,True,True,,,,,False,2024-02-23,91,1.0111,,1.4896,True,True,False,0.0,True,1.1466,1.1299,0,15.82,0.0,['4A'],49.0,72.0,,,,,2024-05-24,8.829762483729938,2024-08-23,9.418018702319747,6.66
002252.SZ,上海莱士,91,2019-03-08,10.34,False,81,0.4971,2022-09-30,5.2,True,True,2022-09-30,2023-04-21,28.0,196085461.5,True,2023-06-09,350,1.0409,,2.2187,True,True,True,0.0,True,0.9897,1.0801,0,-0.28,0.0,['4A'],3.0,91.0,,,,,2024-05-24,6.932233305413854,2024-08-23,7.328147448517189,5.71
600320.SH,振华重工,76,2019-04-04,4.27,False,95,0.3149,2024-02-02,2.9251840398331153,True,True,,,,,False,2024-05-03,21,1.0396,,0.6598,True,False,False,0.0,True,1.0379,0.9965,0,-3.79,0.0,['4A'],35.0,76.0,,,,,2024-05-24,3.4499807435351357,2024-08-23,3.6324881372076177,5.29
002075.SZ,沙钢股份,62,2019-03-08,10.13,False,148,0.6992,2024-02-02,3.0471804611624824,True,True,,,,,False,2024-03-22,63,1.0226,,3.4167,True,True,False,3.0,False,1.1078,1.0161,3,-3.52,0.0,['4A'],90.0,62.0,,,,,2024-05-24,4.278033522427093,2024-08-23,4.423657439328526,3.4
601800.SH,中国交建,87,2019-04-12,12.42,False,79,0.5209,2022-10-28,5.95,True,True,,,,,False,2023-05-12,378,1.177,,0.9687,True,False,False,3.0,False,1.0459,0.9924,1,-19.16,2.0,['4A'],7.0,87.0,,,,,2024-05-24,8.198272358056894,2024-08-23,8.37337716485019,2.14
300180.SZ,华峰超纤,47,2019-04-12,10.85,False,153,0.7198,2024-04-19,3.039966064616221,True,True,,,,,False,2024-05-17,7,1.087,,2.6675,True,True,False,2.0,True,1.0674,0.9573,2,-12.81,0.0,['4A'],166.0,47.0,,,,,2024-05-24,3.88002970353474,2024-08-23,3.9200124072163303,1.03
000538.SZ,云南白药,62,2022-01-14,66.39,False,103,0.3688,2024-02-02,41.90249678568325,True,True,,,,,False,2024-04-19,35,1.0533,,2.5809,True,True,False,0.0,True,1.082,1.0382,0,-1.29,0.0,['4A'],94.0,62.0,,,,,2024-05-24,50.806877540638695,2024-08-23,50.78805533647086,-0.04
300552.SZ,万集科技,36,2019-12-13,47.29,True,109,0.69,2024-02-09,14.660136504833986,True,True,,,,,False,2024-03-22,63,1.235,,1.845,True,True,False,4.0,False,1.1639,1.207,4,-7.57,3.0,['4A'],183.0,36.0,,,,,2024-05-24,27.61976684202657,2024-08-23,27.59021117927427,-0.11
002423.SZ,中粮资本,83,2019-03-01,12.38,False,85,0.5444,2022-10-28,5.64,True,True,2023-06-09,2024-01-12,31.0,67616544.0,True,2024-01-26,119,1.1275,,3.4791,True,True,True,2.0,True,1.0002,1.0611,0,-7.56,1.0,['4A'],12.0,83.0,,,,,2024-05-24,7.589698302975544,2024-08-23,7.567823346896354,-0.29
601126.SH,四方股份,42,,,True,11,0.3751,2022-09-30,,,,,,,,,2024-02-09,105,,,1.926,True,,,,,1.1165,1.1971,0,24.17,,['4B'],,,27.0,42.0,,4B_fresh_breakout,2024-05-24,15.901855744300676,2024-08-23,15.815671938739746,-0.54
600120.SH,浙江东方,61,2019-03-22,5.29,False,146,0.3928,2024-02-02,3.2122911665831393,True,True,,,,,False,2024-04-26,28,1.0575,,1.3757,True,True,False,0.0,True,0.9708,0.9434,0,-11.36,0.0,['4A'],122.0,61.0,,,,,2024-05-24,3.4630981030636487,2024-08-23,3.4171100590544516,-1.33
000949.SZ,新乡化纤,52,2022-01-14,5.67,False,104,0.5622,2024-02-09,2.4822994877588727,True,True,,,,,False,2024-04-05,49,1.0117,,2.8697,True,True,False,1.0,True,1.0816,1.045,4,4.46,4.0,['4A'],146.0,52.0,,,,,2024-05-24,3.723651934519883,2024-08-23,3.664057287337039,-1.6
601228.SH,广州港,76,2019-04-04,4.95,False,144,0.4108,2024-02-02,2.9164723677148707,True,True,,,,,False,2024-03-29,56,1.0877,,1.9042,True,True,False,0.0,True,1.0044,1.0089,0,-7.61,0.0,['4A'],29.0,76.0,,,,,2024-05-24,3.1991220736542054,2024-08-23,3.1427739007659783,-1.76
002701.SZ,奥瑞金,76,2022-01-14,6.36,False,103,0.4323,2024-02-02,3.6104089313706607,True,True,,,,,False,2024-05-10,14,1.007,,1.4339,True,True,False,0.0,True,1.0485,0.9639,0,-4.02,0.0,['4A'],37.0,76.0,,,,,2024-05-24,4.324908985902461,2024-08-23,4.244988153876341,-1.85
600113.SH,浙江东日,76,2022-03-04,10.29,False,98,0.4686,2024-02-09,5.467762097985276,True,True,,,,,False,2024-03-29,56,1.0858,,0.799,True,False,False,2.0,True,1.0431,1.0524,1,-1.76,0.0,['4A'],28.0,76.0,,,,,2024-05-24,7.533510399016464,2024-08-23,7.384729101008192,-1.97
600015.SH,华夏银行,67,2019-04-19,6.35,False,78,0.4441,2022-10-28,3.53,True,True,2022-11-18,2023-04-14,21.0,121366296.0,True,2023-05-12,378,1.0847,,2.9264,True,True,True,1.0,True,1.086,1.3569,0,23.38,0.0,['4A'],62.0,67.0,,,,,2024-05-24,6.229235025548761,2024-08-23,6.0962130231863405,-2.14
300276.SZ,三丰智能,77,2019-04-19,5.54,False,102,0.4043,2023-04-21,3.299975777168807,True,True,,,,,False,2023-11-03,203,1.0399,,1.7427,True,True,False,1.0,True,0.8876,0.9127,1,-15.95,2.0,['4A'],24.0,77.0,,,,,2024-05-24,3.530003339758586,2024-08-23,3.4399714381168223,-2.55
601118.SH,海南橡胶,83,2019-04-12,5.77,False,143,0.3062,2024-02-02,4.003398121085218,True,True,,,,,False,2024-03-15,70,1.0594,,2.003,True,True,False,0.0,True,1.0258,1.0336,1,-2.05,1.0,['4A'],15.0,83.0,,,,,2024-05-24,4.719453069572004,2024-08-23,4.580645626349298,-2.94
300310.SZ,宜通世纪,63,2019-04-26,7.92,False,142,0.596,2024-02-09,3.1999511547446997,True,True,,,,,False,2024-03-22,63,1.0475,,1.4509,True,True,False,1.0,True,1.0649,1.0153,3,-4.36,3.0,['4A'],88.0,63.0,,,,,2024-05-24,4.3900478285764235,2024-08-23,4.259935786330991,-2.96
300407.SZ,凯发电气,55,2022-03-18,9.69,False,96,0.4368,2024-02-09,5.45765704163365,True,True,,,,,False,2024-05-10,14,1.0335,,3.2357,True,True,False,3.0,False,1.0575,0.9725,2,-5.83,0.0,['4A'],135.0,55.0,,,,,2024-05-24,7.71876390572464,2024-08-23,7.4892087117805115,-2.97
300294.SZ,博雅生物,62,2022-01-14,39.81,False,103,0.3917,2024-02-02,24.217460970798086,True,True,,,,,False,2024-05-10,14,1.0526,,1.4856,True,True,False,2.0,True,1.0978,1.0016,0,-4.7,0.0,['4A'],103.0,62.0,,,,,2024-05-24,32.06098551169319,2024-08-23,31.06800940100888,-3.1
300213.SZ,佳讯飞鸿,89,2019-03-22,8.97,False,79,0.495,2022-09-30,4.53,True,True,,,,,False,2023-05-12,378,1.1786,,2.1167,True,True,False,3.0,False,0.9731,1.0045,1,-14.57,4.0,['4A'],6.0,89.0,,,,,2024-05-24,6.161622478981994,2024-08-23,5.952919894891319,-3.39
000902.SZ,新洋丰,65,2022-04-08,18.23,True,92,0.4834,2024-02-02,9.416776056861805,True,True,,,,,False,2024-05-17,7,1.0126,,2.6353,True,True,False,1.0,True,1.114,0.9782,0,-3.04,0.0,['4A'],82.0,65.0,,,,,2024-05-24,12.038339294149248,2024-08-23,11.627711399936647,-3.41
600679.SH,上海凤凰,91,2019-03-22,17.59,False,124,0.5444,2023-08-25,8.014299426209677,True,True,,,,,False,2023-12-15,161,1.0161,,3.2523,True,True,False,3.0,False,0.9447,0.9622,0,-9.85,7.0,['4A'],5.0,91.0,,,,,2024-05-24,9.042270271834067,2024-08-23,8.73320714177706,-3.42
601375.SH,中原证券,76,2019-04-04,6.32,False,80,0.462,2022-10-28,3.4,True,True,2022-11-18,2023-07-21,35.0,117268984.0,True,2023-08-04,294,1.0582,,7.4603,True,True,True,1.0,True,0.9762,0.909,0,-22.25,0.0,['4A'],27.0,76.0,,,,,2024-05-24,3.558126475428438,2024-08-23,3.430007544886138,-3.6
002064.SZ,华峰化学,65,2022-01-07,9.86,True,104,0.429,2024-02-02,5.630366210645559,True,True,,,,,False,2024-04-05,49,1.012,,0.9951,True,False,False,1.0,True,1.0726,1.0341,0,4.37,0.0,['4A'],70.0,65.0,,,,,2024-05-24,7.288019639742353,2024-08-23,7.0177083828002,-3.71
600031.SH,三一重工,65,2022-01-07,23.32,True,97,0.4771,2023-12-15,12.194856463766136,True,True,,,,,False,2024-05-03,21,1.0124,,0.5353,True,False,False,0.0,True,1.1421,1.0405,0,3.19,0.0,['4A'],77.0,65.0,,,,,2024-05-24,16.04685967886137,2024-08-23,15.423803196999732,-3.88
600959.SH,江苏有线,76,2019-03-22,5.76,False,82,0.5208,2022-10-28,2.76,True,True,2022-10-28,2023-04-07,23.0,143228397.0,True,2023-05-12,378,1.0499,,3.5809,True,True,True,1.0,True,0.9526,0.9084,0,-24.76,0.0,['4A'],25.0,76.0,,,,,2024-05-24,2.872657515733717,2024-08-23,2.7543215993233736,-4.12
601577.SH,长沙银行,77,2019-03-08,9.05,False,84,0.4387,2022-10-28,5.08,True,True,2022-11-11,2023-04-14,22.0,60094887.0,True,2023-05-12,378,1.1026,,1.7479,True,True,True,0.0,True,1.1095,1.1884,0,7.73,0.0,['4A'],23.0,77.0,,,,,2024-05-24,7.681542326556404,2024-08-23,7.355591823619192,-4.24
601860.SH,紫金银行,59,2019-03-08,9.87,False,84,0.7812,2022-10-28,2.16,True,True,2023-01-06,2023-07-21,28.0,150438959.0,True,2024-05-17,7,1.0334,,1.3863,True,True,True,0.0,True,1.054,1.0339,0,-0.79,0.0,['4A'],125.0,59.0,,,,,2024-05-24,2.5,2024-08-23,2.39,-4.4
301086.SZ,鸿富瀚,48,2022-01-14,51.55,False,104,0.4776,2024-02-09,26.928509944748136,True,True,,,,,False,2024-05-24,0,1.0443,,3.4385,True,True,False,2.0,True,1.2337,1.0443,1,0.0,0.0,['4A'],163.0,48.0,,,,,2024-05-24,42.250585052759874,2024-08-23,40.3143263675125,-4.58
300102.SZ,乾照光电,68,2022-04-01,8.97,False,94,0.3981,2024-02-09,5.399217810623677,True,True,,,,,False,2024-03-22,63,1.0431,,0.5676,True,False,False,1.0,True,0.9613,0.9036,0,-11.25,0.0,['4A'],61.0,68.0,,,,,2024-05-24,6.285686694327666,2024-08-23,5.976918696317703,-4.91
002966.SZ,苏州银行,52,,,False,49,0.4573,2022-07-15,,,,,,,,,2024-01-05,140,,,1.7038,True,,,,,1.1195,1.2394,0,20.69,,['4B'],,,23.0,52.0,,4B_fresh_breakout,2024-05-24,7.095923097125421,2024-08-23,6.740744656276064,-5.01
002673.SZ,西部证券,83,2019-04-12,11.62,False,143,0.5204,2024-02-02,5.573125464570127,True,True,,,,,False,2024-02-23,91,1.0289,,3.6704,True,True,False,1.0,True,0.9854,1.021,1,-3.29,1.0,['4A'],13.0,83.0,,,,,2024-05-24,6.552404823596608,2024-08-23,6.213667430074305,-5.17
603228.SH,景旺电子,48,2019-09-20,34.23,False,120,0.5415,2024-02-02,15.692747807466215,True,True,,,,,False,2024-05-03,21,1.0362,,1.6417,True,True,False,1.0,True,1.2123,1.1252,1,7.96,0.0,['4A'],160.0,48.0,,,,,2024-05-24,24.27565444685458,2024-08-23,22.934798611537975,-5.52
601688.SH,华泰证券,86,2019-03-01,20.75,False,85,0.5002,2022-10-28,10.37,True,True,2022-11-11,2023-03-31,20.0,186677504.0,True,2023-07-28,301,1.1182,,2.3799,True,True,True,0.0,True,0.9765,0.9983,0,-17.16,0.0,['4A'],9.0,86.0,,,,,2024-05-24,12.771375017710684,2024-08-23,12.020709238223219,-5.88
600332.SH,白云山,62,2019-04-30,40.57,False,91,0.3703,2024-02-02,25.546547495643964,True,True,,,,,False,2024-05-17,7,1.0056,,1.4248,True,True,False,0.0,True,1.0641,0.9778,0,-2.82,0.0,['4A'],111.0,62.0,,,,,2024-05-24,29.57755976434877,2024-08-23,27.806278392287453,-5.99
000850.SZ,华茂股份,61,2019-05-17,4.83,False,139,0.4161,2024-02-09,2.820031649409919,True,True,,,,,False,2024-04-05,49,1.1051,,1.7741,True,True,False,1.0,True,0.9502,0.9048,1,-18.25,0.0,['4A'],119.0,61.0,,,,,2024-05-24,3.1796330006769553,2024-08-23,2.9848088371299615,-6.13
000833.SZ,粤桂股份,65,2022-06-10,9.19,True,84,0.5907,2024-02-09,3.7611289540124804,True,True,,,,,False,2024-05-10,14,1.0186,,1.4523,True,True,False,1.0,True,1.1291,0.9763,1,-3.68,0.0,['4A'],78.0,65.0,,,,,2024-05-24,5.355724488294534,2024-08-23,5.009386996685762,-6.47
601997.SH,贵阳银行,62,2019-04-19,8.42,False,78,0.4941,2022-10-28,4.26,True,True,2022-11-18,2023-04-28,23.0,74925486.0,True,2024-04-19,35,1.0284,,1.4123,True,True,True,0.0,True,1.0694,1.0861,0,3.35,0.0,['4A'],95.0,62.0,,,,,2024-05-24,5.2952364442244955,2024-08-23,4.944670340546468,-6.62
300387.SZ,富邦科技,66,2022-03-04,11.24,False,98,0.5418,2024-02-09,5.150184002103364,True,True,,,,,False,2024-05-10,14,1.0264,,2.4147,True,True,False,2.0,True,1.041,0.9455,1,-8.48,0.0,['4A'],66.0,66.0,,,,,2024-05-24,6.683394556613675,2024-08-23,6.208431311574925,-7.11
000088.SZ,盐 田 港,76,2019-04-19,6.42,False,140,0.3632,2024-02-02,4.088251820882422,True,True,,,,,False,2024-05-10,14,1.0065,,1.3014,True,True,False,0.0,True,1.0227,0.9866,0,-2.06,0.0,['4A'],36.0,76.0,,,,,2024-05-24,4.534683064886795,2024-08-23,4.210753004609221,-7.14
600016.SH,民生银行,91,2019-03-01,4.79,False,85,0.4718,2022-10-28,2.53,True,True,2022-11-11,2023-04-28,24.0,278101994.5,True,2023-07-28,301,1.0161,,0.6403,True,False,False,1.0,True,1.0051,1.1289,0,-1.0,0.0,['4A'],4.0,91.0,,,,,2024-05-24,3.473055476806749,2024-08-23,3.218778590122896,-7.32
300743.SZ,天地数码,55,2019-04-19,26.54,False,143,0.6941,2024-02-09,8.119329547431505,True,True,,,,,False,2024-05-17,7,1.038,,1.3218,True,True,False,3.0,False,1.1111,1.0155,2,-2.22,0.0,['4A'],139.0,55.0,,,,,2024-05-24,12.06078828436999,2024-08-23,11.14448191417457,-7.6
300292.SZ,吴通控股,56,2019-05-17,8.17,False,139,0.6756,2024-02-09,2.650052408169847,True,True,,,,,False,2024-03-29,56,1.031,,3.4503,True,True,False,2.0,True,1.1201,1.0391,3,-1.8,2.0,['4A'],128.0,56.0,,,,,2024-05-24,3.80999477347116,2024-08-23,3.509996857946761,-7.87
601216.SH,君正集团,72,2022-06-24,4.72,True,81,0.3421,2024-02-02,3.1053457390025714,True,True,,,,,False,2024-02-09,105,1.0157,,2.4338,True,True,False,0.0,True,1.1012,1.043,0,9.69,0.0,['4A'],48.0,72.0,,,,,2024-05-24,3.8704517671221033,2024-08-23,3.559264391260038,-8.04
601336.SH,新华保险,72,2019-04-19,54.29,False,78,0.6546,2022-10-28,18.75,True,True,,,,,False,2023-05-12,378,1.0958,,2.7924,True,True,False,0.0,True,1.0947,1.0921,0,-11.88,1.0,['4A'],47.0,72.0,,,,,2024-05-24,31.34659591642775,2024-08-23,28.80947680990323,-8.09
600873.SH,梅花生物,52,,,True,57,0.3219,2023-08-25,,,,,,,,,2024-01-26,119,,,1.5524,True,,,,,1.0664,1.211,0,9.85,,['4B'],,,22.0,52.0,,4B_fresh_breakout,2024-05-24,10.255725894889123,2024-08-23,9.372622727981524,-8.61
000008.SZ,神州高铁,61,2019-04-04,4.95,False,144,0.5859,2024-02-02,2.049999992034199,True,True,,,,,False,2024-03-08,77,1.0174,,3.1066,True,True,False,1.0,True,0.9445,0.9016,3,-15.17,1.0,['4A'],117.0,61.0,,,,,2024-05-24,2.1799965084979567,2024-08-23,1.9900221965905707,-8.71
603706.SH,东方环宇,55,2019-01-11,23.85,False,107,0.5388,2024-02-09,10.999780156506116,True,True,,,,,False,2024-05-10,14,1.0008,,2.1719,True,True,False,4.0,False,1.1282,0.9875,3,-2.24,0.0,['4A'],137.0,55.0,,,,,2024-05-24,15.001774430414379,2024-08-23,13.646481044609642,-9.03
002244.SZ,滨江集团,33,2022-09-09,12.2,True,79,0.5168,2024-04-12,5.89493560323704,True,True,,,,,False,2024-05-17,7,1.2041,,3.8488,True,True,False,3.0,False,1.2637,1.0694,4,-10.75,0.0,['4A'],186.0,33.0,,,,,2024-05-24,8.798135025898548,2024-08-23,7.99309253235312,-9.15
600928.SH,西安银行,73,2019-03-22,11.1,False,82,0.7396,2022-10-28,2.89,True,True,2022-12-09,2023-05-05,21.0,65290131.0,True,2024-05-03,21,1.0019,,0.5935,True,False,False,0.0,True,1.0439,1.0435,0,1.67,0.0,['4A'],46.0,73.0,,,,,2024-05-24,3.4896291216118627,2024-08-23,3.163197923833888,-9.35
603530.SH,神马电力,42,,,False,31,0.6445,2022-04-29,,,,,,,,,2023-12-29,147,,,2.3589,True,,,,,1.1536,1.4429,0,8.34,,['4B'],,,28.0,42.0,,4B_fresh_breakout,2024-05-24,21.833874375688094,2024-08-23,19.766834712486077,-9.47
002948.SZ,青岛银行,48,2019-03-08,6.0,False,85,0.5617,2022-11-04,2.63,True,True,2022-11-11,2023-05-05,25.0,86906778.0,True,2024-04-19,35,1.01,,1.4945,True,True,True,0.0,True,1.1533,1.1551,0,12.71,0.0,"['4A', '4B']",159.0,48.0,24.0,47.0,"{'instrument': '002948.SZ', 'stock_name': '青岛银行', 'score': 47, 'mode': '4B_fresh_breakout', 'current_close_vs_ma20w': 1.1533, 'current_close_vs_ma120w': 1.1551, 'recent_3m_big_days': 0, 'post_trigger_ret_pct': 12.71, 'trigger_recency_days': 35, 'trigger_week': '2024-04-19', 'vr': 1.4945, 'launch_ma': True, 'drawdown_ratio': 0.5617, 'bear_weeks': 85, 'trough_date': '2022-11-04', 'pre_peak_surge': False}",,2024-05-24,3.5220694099491174,2024-08-23,3.1691594610879483,-10.02
300349.SZ,金卡智能,39,,,False,76,0.6075,2022-09-30,,,,,,,,,2024-01-19,126,,,2.9441,True,,,,,1.0784,1.1828,1,12.72,,['4B'],,,31.0,39.0,,4B_fresh_breakout,2024-05-24,12.5626312983061,2024-08-23,11.258388242591694,-10.38
000156.SZ,华数传媒,77,2019-03-22,12.05,False,79,0.4971,2022-09-30,6.06,True,True,2022-09-30,2023-04-07,26.0,31654360.0,True,2023-05-12,378,1.2283,,3.9767,True,True,True,0.0,True,0.9571,0.9154,1,-29.16,2.0,['4A'],21.0,77.0,,,,,2024-05-24,6.661674959554318,2024-08-23,5.952986134069816,-10.64
600645.SH,中源协和,54,2022-01-14,26.06,False,103,0.4386,2024-02-02,14.63000965786822,True,True,,,,,False,2024-05-10,14,1.0756,,4.3522,True,True,False,2.0,True,1.0387,0.9449,2,-12.04,0.0,['4A'],145.0,54.0,,,,,2024-05-24,17.75001254652538,2024-08-23,15.810002975690212,-10.93
000830.SZ,鲁西化工,51,2022-06-10,16.42,True,83,0.4658,2024-02-02,8.77230938575729,True,True,,,,,False,2024-05-10,14,1.0035,,2.0368,True,True,False,0.0,True,1.1688,1.0112,0,1.68,0.0,['4A'],152.0,51.0,,,,,2024-05-24,11.603884805436953,2024-08-23,10.33598974507818,-10.93
000677.SZ,恒天海龙,54,2019-10-18,4.83,False,117,0.5797,2024-02-09,2.030002200832987,True,True,,,,,False,2024-04-05,49,1.0208,,1.6095,True,True,False,4.0,False,0.9817,0.9006,3,-13.29,0.0,['4A'],143.0,54.0,,,,,2024-05-24,2.740002970582456,2024-08-23,2.440002645336201,-10.95
000559.SZ,万向钱潮,28,2019-04-19,6.38,False,142,0.3787,2024-02-02,3.9640458870236244,True,True,,,,,False,2024-03-29,56,1.001,,1.2061,True,True,False,1.0,True,,,0,-1.38,0.0,['4A'],191.0,28.0,,,,,2024-05-24,4.7303743471835284,2024-08-23,4.210542186678638,-10.99
600843.SH,上工申贝,97,,,False,147,0.5749,2024-02-09,,,,,,,,,2024-03-22,63,,,4.489,True,,,,,1.5496,1.6318,10,44.24,,['4B'],,,5.0,97.0,,4B_fresh_breakout,2024-05-24,8.836303880250505,2024-08-23,7.840042000870798,-11.27
300350.SZ,华鹏飞,55,2019-04-04,7.77,False,145,0.4736,2024-02-09,4.089962763890389,True,True,,,,,False,2024-03-29,56,1.057,,1.5773,True,True,False,1.0,True,0.9775,0.9313,2,-11.68,2.0,['4A'],132.0,55.0,,,,,2024-05-24,4.990094762033961,2024-08-23,4.410125531898176,-11.62
300488.SZ,恒锋工具,73,2022-02-25,30.56,False,98,0.4494,2024-02-02,16.827021056086615,True,True,,,,,False,2024-03-15,70,1.0273,,0.6934,True,False,False,2.0,True,0.9714,0.9152,0,-8.38,0.0,['4A'],45.0,73.0,,,,,2024-05-24,20.890452492416006,2024-08-23,18.431533539559858,-11.77
603568.SH,伟明环保,65,2022-07-15,31.13,True,78,0.5376,2024-02-02,14.394052964059208,True,True,,,,,False,2024-04-19,35,1.0352,,1.8013,True,True,False,0.0,True,1.1203,1.0396,0,2.29,0.0,['4A'],74.0,65.0,,,,,2024-05-24,20.265414622695893,2024-08-23,17.873988493553558,-11.8
300193.SZ,佳士科技,65,2022-01-14,11.83,True,103,0.5421,2024-02-02,5.416630657821552,True,True,,,,,False,2024-04-05,49,1.0085,,0.697,True,False,False,1.0,True,1.0854,1.0259,1,2.99,1.0,['4A'],71.0,65.0,,,,,2024-05-24,7.53235409721882,2024-08-23,6.642519630537195,-11.81
002249.SZ,大洋电机,79,2022-01-07,7.34,True,104,0.4884,2024-02-02,3.7554620161485652,True,True,,,,,False,2024-04-26,28,1.0015,,1.377,True,True,False,1.0,True,1.0369,0.9582,0,-3.02,0.0,['4A'],19.0,79.0,,,,,2024-05-24,4.80179451224253,2024-08-23,4.233754697085039,-11.83
300717.SZ,华信新材,62,2019-04-12,18.57,False,144,0.474,2024-02-09,9.768109445954373,True,True,,,,,False,2024-05-03,21,1.0106,,0.8297,True,False,False,2.0,True,1.077,1.0088,1,-0.2,0.0,['4A'],98.0,62.0,,,,,2024-05-24,14.63291033953743,2024-08-23,12.898898795314734,-11.85
603320.SH,迪贝电气,62,2019-05-31,19.62,False,137,0.5529,2024-02-09,8.771713792641046,True,True,,,,,False,2024-04-12,42,1.0473,,0.6685,True,False,False,4.0,False,1.0739,1.062,1,1.83,0.0,['4A'],93.0,62.0,,,,,2024-05-24,13.693655723709275,2024-08-23,12.057789550786845,-11.95
000089.SZ,深圳机场,62,2019-09-30,10.68,False,118,0.451,2024-02-02,5.863059241670031,True,True,,,,,False,2024-04-26,28,1.0083,,2.2246,True,True,False,0.0,True,1.064,1.0182,0,-0.28,0.0,['4A'],96.0,62.0,,,,,2024-05-24,6.85958087827638,2024-08-23,6.024661018255539,-12.17
600720.SH,中交设计,64,2022-05-20,14.57,True,84,0.4492,2024-01-19,8.024574932194236,True,True,,,,,False,2024-04-19,35,1.1014,,5.7142,True,True,False,0.0,True,1.0049,0.9173,0,-16.15,0.0,['4A'],84.0,64.0,,,,,2024-05-24,9.36044669528631,2024-08-23,8.22095468174555,-12.17
601068.SH,中铝国际,69,2019-03-22,8.37,False,82,0.5424,2022-10-28,3.83,True,True,2023-05-26,2024-01-19,34.0,36188105.0,True,2024-01-26,119,1.0152,,1.478,True,True,False,1.0,True,0.9816,0.9201,1,-11.46,2.0,['4A'],56.0,69.0,,,,,2024-05-24,4.559855947969267,2024-08-23,4.000449913749942,-12.27
300127.SZ,银河磁体,66,2019-06-14,22.48,False,134,0.4448,2024-02-02,12.481209758890808,True,True,,,,,False,2024-04-12,42,1.0239,,4.7959,True,True,False,1.0,True,1.023,0.9261,1,-9.71,0.0,['4A'],65.0,66.0,,,,,2024-05-24,15.179141386600058,2024-08-23,13.282579243602367,-12.49
600026.SH,中远海能,62,,,True,30,0.4477,2023-05-26,,,,,,,,,2024-02-02,112,,,0.8233,True,,,,,1.1429,1.3582,0,35.17,,['4B'],,,19.0,62.0,,4B_fresh_breakout,2024-05-24,16.1707618933199,2024-08-23,14.14182332368472,-12.55
002023.SZ,海特高新,50,2019-05-31,13.82,False,136,0.5163,2024-02-02,6.685281401729523,True,True,,,,,False,2024-04-05,49,1.1196,,1.9265,True,True,False,3.0,False,1.0618,1.0182,4,-9.67,2.0,['4A'],154.0,50.0,,,,,2024-05-24,9.659756479049138,2024-08-23,8.44001959006465,-12.63
600262.SH,北方股份,55,2019-04-19,23.02,False,94,0.4359,2024-02-09,12.984685008290437,True,True,,,,,False,2024-05-10,14,1.0338,,1.8508,True,True,False,3.0,False,1.1229,1.0205,2,-1.15,0.0,['4A'],136.0,55.0,,,,,2024-05-24,18.367486777547253,2024-08-23,16.010303903427996,-12.83
600736.SH,苏州高新,66,2019-04-12,8.95,False,144,0.5369,2024-02-09,4.144653305011291,True,True,,,,,False,2024-05-17,7,1.0338,,1.6199,True,True,False,1.0,True,1.0255,0.9469,1,-8.54,0.0,['4A'],67.0,66.0,,,,,2024-05-24,4.65901267667609,2024-08-23,4.0552482432698005,-12.96
002048.SZ,宁波华翔,65,2022-01-14,21.43,True,103,0.5281,2024-02-02,10.112988402585346,True,True,,,,,False,2024-05-10,14,1.0189,,1.4251,True,True,False,1.0,True,1.117,1.0137,0,-0.14,0.0,['4A'],80.0,65.0,,,,,2024-05-24,13.44667265004999,2024-08-23,11.693767348689098,-13.04
002226.SZ,江南化工,62,2022-03-25,6.32,False,94,0.3971,2024-02-02,3.8103090572754272,True,True,,,,,False,2024-05-17,7,1.0202,,3.5157,True,True,False,0.0,True,1.0674,0.9591,0,-5.8,0.0,['4A'],109.0,62.0,,,,,2024-05-24,4.74585502731595,2024-08-23,4.126012917479723,-13.06
002558.SZ,巨人网络,69,2019-03-15,23.29,False,80,0.7106,2022-09-30,6.74,True,True,,,,,False,2023-05-12,378,1.2685,,1.868,True,True,False,4.0,False,0.9334,0.9435,0,-38.18,1.0,['4A'],55.0,69.0,,,,,2024-05-24,9.973359010020372,2024-08-23,8.660149576987111,-13.17
002468.SZ,申通快递,45,2019-07-26,29.95,False,128,0.7809,2024-02-02,6.563272588275089,True,True,,,,,False,2024-05-17,7,1.021,,2.0672,True,True,False,3.0,False,1.1615,0.9742,1,-5.35,0.0,['4A'],168.0,45.0,,,,,2024-05-24,9.646537849604398,2024-08-23,8.366967285693097,-13.26
002096.SZ,易普力,72,2022-02-11,14.81,True,92,0.4284,2023-12-08,8.464814064627554,True,True,,,,,False,2024-03-01,84,1.0058,,1.0956,True,True,False,0.0,True,1.1136,1.0789,1,13.2,1.0,['4A'],50.0,72.0,,,,,2024-05-24,12.402810554187194,2024-08-23,10.74905057320263,-13.33
002029.SZ,七 匹 狼,76,2019-04-04,7.29,False,144,0.3586,2024-02-02,4.67566714533384,True,True,,,,,False,2024-04-05,49,1.0025,,0.5658,True,False,False,0.0,True,1.0444,1.0053,0,0.52,0.0,['4A'],30.0,76.0,,,,,2024-05-24,5.541527876982722,2024-08-23,4.797743719337096,-13.42
603116.SH,红蜻蜓,61,2019-04-04,7.7,False,145,0.4829,2024-02-09,3.9815607904114962,True,True,,,,,False,2024-04-12,42,1.0723,,0.8271,True,False,False,0.0,True,0.9478,0.9407,1,-12.95,0.0,['4A'],121.0,61.0,,,,,2024-05-24,4.624133109343766,2024-08-23,4.001284334934457,-13.47
002956.SZ,西麦食品,55,2019-07-05,21.48,False,132,0.5279,2024-02-09,10.140561136181036,True,True,,,,,False,2024-05-10,14,1.0112,,2.0463,True,True,False,3.0,False,1.1072,1.0147,2,-0.07,0.0,['4A'],134.0,55.0,,,,,2024-05-24,13.834247561535449,2024-08-23,11.950673691802207,-13.62
603565.SH,中谷物流,48,2022-02-11,11.42,False,100,0.4981,2024-02-02,5.732168853964083,True,True,,,,,False,2024-05-24,0,1.0193,,0.6903,True,False,False,0.0,True,1.2018,1.0193,0,0.0,0.0,['4A'],165.0,48.0,,,,,2024-05-24,8.542845673394625,2024-08-23,7.378425929773562,-13.63
600498.SH,烽火通信,80,2019-02-22,32.21,False,83,0.6274,2022-09-30,12.0,True,True,,,,,False,2023-06-09,350,1.0086,,0.7128,True,False,False,2.0,True,1.0107,1.0276,2,-17.92,2.0,['4A'],18.0,80.0,,,,,2024-05-24,16.51506092685852,2024-08-23,14.25200337018242,-13.7
000783.SZ,长江证券,62,2019-04-04,7.23,False,144,0.3757,2024-02-02,4.513752285494441,True,True,,,,,False,2024-04-26,28,1.0126,,1.3569,True,True,False,2.0,True,1.0738,1.0208,1,0.52,0.0,['4A'],97.0,62.0,,,,,2024-05-24,5.486986442733544,2024-08-23,4.732993028354823,-13.74
600694.SH,大商股份,77,2019-04-04,22.21,False,80,0.4989,2022-10-28,11.13,True,True,2022-10-28,2023-04-21,25.0,9975653.0,True,2023-05-12,378,1.0007,,1.3603,True,True,True,0.0,True,1.1363,1.1701,0,2.94,0.0,['4A'],22.0,77.0,,,,,2024-05-24,15.37859658900487,2024-08-23,13.238532554921562,-13.92
002773.SZ,康弘药业,89,,,False,52,0.709,2022-04-29,,,,,,,,,2024-04-19,35,,,1.1272,True,,,,,1.2348,1.3557,1,29.87,,['4B'],,,8.0,89.0,,4B_fresh_breakout,2024-05-24,21.79691510796919,2024-08-23,18.763419085682308,-13.92
600021.SH,上海电力,48,2022-01-21,12.37,False,102,0.4135,2024-02-02,7.25489412612543,True,True,,,,,False,2024-05-24,0,1.027,,2.5176,True,True,False,0.0,True,1.156,1.027,0,0.0,0.0,['4A'],164.0,48.0,,,,,2024-05-24,9.562518788623677,2024-08-23,8.219615906483478,-14.04
300762.SZ,上海瀚讯,49,2019-04-04,23.81,False,144,0.6102,2024-02-02,9.27999897436822,True,True,,,,,False,2024-03-08,77,1.0137,,0.861,True,False,False,3.0,False,1.2103,1.1914,2,18.61,2.0,"['4A', '4B']",158.0,49.0,11.0,77.0,"{'instrument': '300762.SZ', 'stock_name': '上海瀚讯', 'score': 77, 'mode': '4B_fresh_breakout', 'current_close_vs_ma20w': 1.2103, 'current_close_vs_ma120w': 1.1914, 'recent_3m_big_days': 2, 'post_trigger_ret_pct': 18.61, 'trigger_recency_days': 77, 'trigger_week': '2024-03-08', 'vr': 0.861, 'launch_ma': True, 'drawdown_ratio': 0.6102, 'bear_weeks': 144, 'trough_date': '2024-02-02', 'pre_peak_surge': False}",,2024-05-24,15.870090468510314,2024-08-23,13.640097768814966,-14.05
601512.SH,中新集团,62,2019-12-27,12.91,False,107,0.4671,2024-02-09,6.8798802347734105,True,True,,,,,False,2024-05-10,14,1.0098,,1.9845,True,True,False,1.0,True,1.1157,1.0491,1,3.01,0.0,['4A'],107.0,62.0,,,,,2024-05-24,8.415340558440473,2024-08-23,7.220905124339245,-14.19
002394.SZ,联发股份,92,2019-04-04,9.71,False,80,0.4099,2022-10-28,5.73,True,True,,,,,False,2023-05-12,378,1.0355,,0.9773,True,False,False,2.0,True,0.9336,0.9616,0,-9.67,2.0,['4A'],1.0,92.0,,,,,2024-05-24,6.7948120918051265,2024-08-23,5.826916341289153,-14.24
601069.SH,西部黄金,50,2019-08-30,17.77,False,123,0.4522,2024-02-02,9.733908085480063,True,True,,,,,False,2024-05-10,14,1.1566,,3.9071,True,True,False,3.0,False,1.1148,1.0129,3,-12.6,0.0,['4A'],156.0,50.0,,,,,2024-05-24,13.075589119055245,2024-08-23,11.21016846581571,-14.27
600697.SH,欧亚集团,60,2019-04-04,21.01,False,145,0.5522,2024-02-09,9.408326967066985,True,True,,,,,False,2024-04-12,42,1.0114,,1.1171,True,True,False,3.0,False,1.0076,0.9339,2,-9.26,2.0,['4A'],123.0,60.0,,,,,2024-05-24,11.35077865784231,2024-08-23,9.720264754441018,-14.36
000839.SZ,国安股份,45,2019-03-22,6.77,False,156,0.7282,2024-04-19,1.8399948134825554,True,True,,,,,False,2024-05-17,7,1.0897,,2.6628,True,True,False,0.0,True,1.213,1.0935,0,0.0,0.0,['4A'],167.0,45.0,,,,,2024-05-24,2.560000475522167,2024-08-23,2.1900024799064797,-14.45
002274.SZ,华昌化工,79,2022-01-14,11.22,True,88,0.4483,2023-10-20,6.189549990217983,True,True,2023-11-03,2024-04-12,23.0,46286793.0,True,2024-04-26,28,1.0023,,1.3955,True,True,True,0.0,True,1.0393,0.9853,0,-0.49,0.0,['4A'],20.0,79.0,,,,,2024-05-24,7.482791131188342,2024-08-23,6.388469898563961,-14.62
603508.SH,思维列控,97,,,False,71,0.7833,2022-09-30,,,,,,,,,2024-03-01,84,,,2.8734,True,,,,,1.218,1.5763,6,38.04,,['4B'],,,7.0,97.0,,4B_fresh_breakout,2024-05-24,19.380749410308887,2024-08-23,16.543114568023945,-14.64
002111.SZ,威海广泰,55,2022-01-07,11.3,False,104,0.4266,2024-02-02,6.479701318459671,True,True,,,,,False,2024-03-15,70,1.0078,,2.5713,True,True,False,0.0,True,1.1555,1.1751,1,17.87,1.0,"['4A', '4B']",130.0,55.0,21.0,54.0,"{'instrument': '002111.SZ', 'stock_name': '威海广泰', 'score': 54, 'mode': '4B_fresh_breakout', 'current_close_vs_ma20w': 1.1555, 'current_close_vs_ma120w': 1.1751, 'recent_3m_big_days': 1, 'post_trigger_ret_pct': 17.87, 'trigger_recency_days': 70, 'trigger_week': '2024-03-15', 'vr': 2.5713, 'launch_ma': True, 'drawdown_ratio': 0.4266, 'bear_weeks': 104, 'trough_date': '2024-02-02', 'pre_peak_surge': False}",,2024-05-24,10.605615709034865,2024-08-23,9.051238640762914,-14.66
300074.SZ,华平股份,58,2022-03-18,5.38,False,96,0.4721,2024-02-09,2.8400255901973654,True,True,,,,,False,2024-03-22,63,1.0167,,1.879,True,True,False,1.0,True,0.9503,0.9178,5,-10.29,5.0,['4A'],126.0,58.0,,,,,2024-05-24,3.7499735388981557,2024-08-23,3.200031977554337,-14.67
603025.SH,大豪科技,51,2022-01-07,20.33,True,104,0.5779,2024-02-02,8.580376420149916,True,True,,,,,False,2024-05-17,7,1.0109,,1.7633,True,True,False,2.0,True,1.1789,0.9579,1,-4.86,0.0,['4A'],153.0,51.0,,,,,2024-05-24,13.070987554716755,2024-08-23,11.128658545242013,-14.86
600117.SH,西宁特钢,83,2019-04-04,4.31,False,80,0.7703,2022-10-28,0.99,True,True,,,,,False,2023-05-12,378,1.1429,,2.9157,True,True,False,1.0,True,0.8679,1.0862,0,-15.8,0.0,['4A'],11.0,83.0,,,,,2024-05-24,2.3998947843067375,2024-08-23,2.0398560153320946,-15.0
300017.SZ,网宿科技,74,2019-03-08,16.64,False,81,0.7602,2022-09-30,3.99,True,True,2023-07-28,2023-12-22,21.0,233113921.0,True,2023-12-29,147,1.172,,1.3457,True,True,True,1.0,True,0.9357,1.2791,1,7.14,1.0,['4A'],40.0,74.0,,,,,2024-05-24,7.987127859786649,2024-08-23,6.784681801082344,-15.05
300221.SZ,银禧科技,70,2019-04-19,9.09,False,143,0.582,2024-02-09,3.800022464391737,True,True,,,,,False,2024-03-29,56,1.0049,,2.3777,True,True,False,1.0,True,0.9731,0.9596,2,-4.0,2.0,['4A'],54.0,70.0,,,,,2024-05-24,5.279998721612037,2024-08-23,4.449901337488474,-15.72
000027.SZ,深圳能源,39,,,False,40,0.3098,2022-10-28,,,,,,,,,2024-01-26,119,,,1.2808,True,,,,,1.0746,1.1589,0,15.96,,['4B'],,,30.0,39.0,,4B_fresh_breakout,2024-05-24,7.031792478468587,2024-08-23,5.901493334584065,-16.07
002774.SZ,快意电梯,76,2022-03-18,9.23,False,96,0.4981,2024-02-09,4.632410856128265,True,True,,,,,False,2024-04-12,42,1.0263,,1.3345,True,True,False,1.0,True,1.0405,1.0055,0,-1.43,0.0,['4A'],31.0,76.0,,,,,2024-05-24,6.6348939351462475,2024-08-23,5.564547097224088,-16.13
002053.SZ,云南能投,51,2022-03-18,17.27,True,95,0.5067,2024-02-02,8.518956363329252,True,True,,,,,False,2024-04-05,49,1.0076,,0.602,True,False,False,0.0,True,1.169,1.1265,0,15.28,0.0,['4A'],149.0,51.0,,,,,2024-05-24,12.231716544788473,2024-08-23,10.257115278773288,-16.14
002870.SZ,香山股份,72,2022-01-14,42.15,True,103,0.4089,2024-02-02,24.91464960544519,True,True,,,,,False,2024-03-08,77,1.0475,,1.2006,True,True,False,1.0,True,1.0526,1.0656,0,5.13,0.0,['4A'],51.0,72.0,,,,,2024-05-24,33.40478013479335,2024-08-23,27.9908393060292,-16.21
002246.SZ,北化股份,35,2022-03-18,14.72,False,95,0.5681,2024-02-02,6.357309736089139,True,True,,,,,False,2024-05-17,7,1.1563,,6.1289,True,True,False,4.0,False,1.322,1.14,5,-1.13,1.0,['4A'],185.0,35.0,,,,,2024-05-24,10.40723706509543,2024-08-23,8.719412674565259,-16.22
002532.SZ,天山铝业,51,2022-03-04,8.73,True,97,0.4672,2024-02-02,4.651030700491597,True,True,,,,,False,2024-04-05,49,1.0504,,1.2584,True,True,False,1.0,True,1.25,1.1671,0,13.92,0.0,"['4A', '4B']",150.0,51.0,16.0,65.0,"{'instrument': '002532.SZ', 'stock_name': '天山铝业', 'score': 65, 'mode': '4B_fresh_breakout', 'current_close_vs_ma20w': 1.25, 'current_close_vs_ma120w': 1.1671, 'recent_3m_big_days': 0, 'post_trigger_ret_pct': 13.92, 'trigger_recency_days': 49, 'trigger_week': '2024-04-05', 'vr': 1.2584, 'launch_ma': True, 'drawdown_ratio': 0.4672, 'bear_weeks': 97, 'trough_date': '2024-02-02', 'pre_peak_surge': True}",,2024-05-24,7.505944702975541,2024-08-23,6.284685178809152,-16.27
300467.SZ,迅游科技,73,2019-03-15,29.2,False,80,0.6575,2022-09-30,10.0,True,True,,,,,False,2023-05-12,378,1.0655,,3.4837,True,True,False,2.0,True,1.0511,1.0529,1,-13.39,3.0,['4A'],42.0,73.0,,,,,2024-05-24,14.810005530401394,2024-08-23,12.400006479439654,-16.27
300174.SZ,元力股份,61,2019-04-19,30.92,False,142,0.5957,2024-02-02,12.49941300150996,True,True,,,,,False,2024-04-05,49,1.0145,,2.4509,True,True,False,2.0,True,0.9896,0.914,0,-10.01,0.0,['4A'],120.0,61.0,,,,,2024-05-24,14.690280782194462,2024-08-23,12.276690455858388,-16.43
600168.SH,武汉控股,62,2019-04-19,5.38,False,93,0.3029,2024-02-02,3.750163037488275,True,True,,,,,False,2024-05-10,14,1.0205,,0.6485,True,False,False,0.0,True,1.0549,1.0181,0,0.0,0.0,['4A'],104.0,62.0,,,,,2024-05-24,4.473303483635849,2024-08-23,3.7360251003131766,-16.48
601212.SH,白银有色,56,2019-03-08,5.28,False,148,0.5511,2024-02-02,2.3702844404097685,True,True,,,,,False,2024-03-29,56,1.0158,,1.4836,True,True,False,0.0,True,1.0683,1.0984,3,7.64,3.0,['4A'],129.0,56.0,,,,,2024-05-24,3.0896393651579204,2024-08-23,2.579515097192472,-16.51
002616.SZ,长青集团,55,2019-03-22,8.18,False,147,0.567,2024-02-09,3.542120964792745,True,True,,,,,False,2024-05-10,14,1.0578,,4.1921,True,True,False,2.0,True,1.0802,0.9813,2,-8.02,0.0,['4A'],133.0,55.0,,,,,2024-05-24,4.824360074911116,2024-08-23,4.012240864151213,-16.83
601579.SH,会稽山,62,2022-05-13,17.29,False,87,0.5126,2024-02-02,8.427348674063953,True,True,,,,,False,2024-05-10,14,1.0796,,1.9075,True,True,False,0.0,True,1.1101,1.0087,0,-6.03,0.0,['4A'],108.0,62.0,,,,,2024-05-24,10.955907292190473,2024-08-23,9.093783619618476,-17.0
000917.SZ,电广传媒,84,2019-03-22,10.59,False,79,0.5902,2022-09-30,4.34,True,True,2022-09-30,2023-04-07,26.0,54599847.5,True,2023-05-12,378,1.0065,,3.3318,True,True,True,0.0,True,1.0203,1.0105,4,-6.45,9.0,['4A'],10.0,84.0,,,,,2024-05-24,5.66217768570283,2024-08-23,4.697852684901869,-17.03
300761.SZ,立华股份,74,,,False,59,0.6916,2022-04-29,,,,,,,,,2024-03-22,63,,,1.0215,True,,,,,1.1955,1.237,1,15.55,,['4B'],,,12.0,74.0,,4B_fresh_breakout,2024-05-24,23.338010599225687,2024-08-23,19.338392101297796,-17.14
002830.SZ,名雕股份,76,2019-08-23,18.77,False,125,0.5767,2024-02-09,7.944473498255793,True,True,,,,,False,2024-05-17,7,1.0051,,0.7035,True,False,False,1.0,True,0.9868,0.9527,1,-5.36,0.0,['4A'],39.0,76.0,,,,,2024-05-24,11.011138846369874,2024-08-23,9.120237652763587,-17.17
000655.SZ,金岭矿业,69,2022-01-07,8.18,True,105,0.3786,2024-02-09,5.083302276083238,True,True,,,,,False,2024-04-12,42,1.017,,2.9053,True,True,False,1.0,True,0.9994,0.9144,0,-9.13,0.0,['4A'],58.0,69.0,,,,,2024-05-24,6.029864964244343,2024-08-23,4.987787997647279,-17.28
600618.SH,氯碱化工,62,2022-04-15,12.5,False,91,0.4352,2024-02-02,7.060246529883983,True,True,,,,,False,2024-05-10,14,1.0109,,2.4578,True,True,False,0.0,True,1.0912,0.9743,0,-3.04,0.0,['4A'],105.0,62.0,,,,,2024-05-24,9.18024176427486,2024-08-23,7.580542016263,-17.43
002224.SZ,三 力 士,68,2019-05-17,7.26,False,139,0.4579,2024-02-09,3.935840923182842,True,True,,,,,False,2024-03-22,63,1.0245,,1.229,True,True,False,2.0,True,0.9242,0.908,0,-12.92,0.0,['4A'],60.0,68.0,,,,,2024-05-24,4.320530459742521,2024-08-23,3.557822303442117,-17.65
300577.SZ,开润股份,29,2019-04-12,36.02,False,143,0.7019,2024-02-02,10.738090694098313,True,True,,,,,False,2024-03-29,56,1.0961,,3.3765,True,True,False,3.0,False,1.338,1.3797,3,19.91,2.0,"['4A', '4B']",189.0,29.0,4.0,97.0,"{'instrument': '300577.SZ', 'stock_name': '开润股份', 'score': 97, 'mode': '4B_fresh_breakout', 'current_close_vs_ma20w': 1.338, 'current_close_vs_ma120w': 1.3797, 'recent_3m_big_days': 3, 'post_trigger_ret_pct': 19.91, 'trigger_recency_days': 56, 'trigger_week': '2024-03-29', 'vr': 3.3765, 'launch_ma': True, 'drawdown_ratio': 0.7019, 'bear_weeks': 143, 'trough_date': '2024-02-02', 'pre_peak_surge': False}",,2024-05-24,21.164361191001994,2024-08-23,17.411216791496756,-17.73
603129.SH,春风动力,43,2022-01-14,165.0,True,103,0.4983,2024-02-02,82.78611483322466,True,True,,,,,False,2024-03-08,77,1.0087,,1.0645,True,True,False,1.0,True,1.2942,1.221,0,31.3,0.0,"['4A', '4B']",175.0,43.0,9.0,85.0,"{'instrument': '603129.SH', 'stock_name': '春风动力', 'score': 85, 'mode': '4B_fresh_breakout', 'current_close_vs_ma20w': 1.2942, 'current_close_vs_ma120w': 1.221, 'recent_3m_big_days': 0, 'post_trigger_ret_pct': 31.3, 'trigger_recency_days': 77, 'trigger_week': '2024-03-08', 'vr': 1.0645, 'launch_ma': True, 'drawdown_ratio': 0.4983, 'bear_weeks': 103, 'trough_date': '2024-02-02', 'pre_peak_surge': True}",,2024-05-24,150.2784897639602,2024-08-23,123.30486675433899,-17.95
002989.SZ,中天精装,55,2022-01-07,20.24,False,105,0.4817,2024-02-09,10.489733583722767,True,True,,,,,False,2024-05-24,0,1.1801,,0.7619,True,False,False,2.0,True,1.1286,1.1801,2,0.0,0.0,['4A'],140.0,55.0,,,,,2024-05-24,18.42012419814158,2024-08-23,15.080132215034489,-18.13
600663.SH,陆家嘴,62,2019-04-04,14.01,False,141,0.4348,2024-01-19,7.918910829297648,True,True,,,,,False,2024-05-10,14,1.0039,,1.2742,True,True,False,2.0,True,1.145,1.0433,0,3.65,0.0,['4A'],106.0,62.0,,,,,2024-05-24,9.881756381786525,2024-08-23,8.08400359370755,-18.19
603660.SH,苏州科达,62,2019-03-15,18.52,False,80,0.7478,2022-09-30,4.67,True,True,2023-05-26,2023-12-01,27.0,37323994.0,True,2023-12-08,168,1.1101,,1.0462,True,True,False,1.0,True,0.8278,0.9051,4,-27.4,11.0,['4A'],89.0,62.0,,,,,2024-05-24,5.830229321095854,2024-08-23,4.750152784172256,-18.53
002097.SZ,山河智能,73,2022-01-07,9.36,False,105,0.3945,2024-02-09,5.667043841622992,True,True,,,,,False,2024-03-01,84,1.0488,,2.9448,True,True,False,2.0,True,0.9323,0.993,4,-1.91,4.0,['4A'],44.0,73.0,,,,,2024-05-24,6.616464498051101,2024-08-23,5.386377165222509,-18.59
000958.SZ,电投产融,62,2019-04-19,9.07,False,140,0.6071,2024-01-19,3.563727994183257,True,True,,,,,False,2024-05-24,0,1.0364,,1.1039,True,True,False,2.0,True,1.1348,1.0364,1,0.0,0.0,['4A'],112.0,62.0,,,,,2024-05-24,4.322538329113211,2024-08-23,3.514652760565505,-18.69
300272.SZ,开能健康,50,2022-03-18,7.51,False,96,0.4684,2024-02-09,3.992687406075016,True,True,,,,,False,2024-05-10,14,1.2543,,4.4166,True,True,False,3.0,False,1.1012,1.0379,3,-16.83,0.0,['4A'],155.0,50.0,,,,,2024-05-24,5.523981322518296,2024-08-23,4.4917537820703695,-18.69
002438.SZ,江苏神通,65,2022-01-07,18.95,True,104,0.5486,2024-02-02,8.554757613691311,True,True,,,,,False,2024-05-03,21,1.0676,,1.1687,True,True,False,0.0,True,1.1489,1.0576,1,0.23,1.0,['4A'],76.0,65.0,,,,,2024-05-24,12.778486287269804,2024-08-23,10.373520356614062,-18.82
000751.SZ,锌业股份,66,2022-03-04,4.04,False,97,0.3582,2024-02-02,2.592911325062875,True,True,,,,,False,2024-04-05,49,1.0126,,1.8922,True,True,False,0.0,True,0.9881,0.9136,1,-9.54,0.0,['4A'],64.0,66.0,,,,,2024-05-24,2.998888497321672,2024-08-23,2.4247082016324404,-19.15
300453.SZ,三鑫医疗,65,2022-01-14,9.55,True,103,0.4552,2024-02-02,5.202825761095761,True,True,,,,,False,2024-03-29,56,1.0378,,2.2242,True,True,False,1.0,True,1.0662,1.0321,0,3.89,0.0,['4A'],69.0,65.0,,,,,2024-05-24,7.049173566785824,2024-08-23,5.681091554484764,-19.41
002705.SZ,新宝股份,64,2022-01-07,26.97,True,104,0.5908,2024-02-02,11.03515987292249,True,True,,,,,False,2024-04-05,49,1.0397,,1.0821,True,True,False,1.0,True,1.0322,0.9201,0,-10.57,0.0,['4A'],83.0,64.0,,,,,2024-05-24,15.08727167342498,2024-08-23,12.141733196820974,-19.52
002392.SZ,北京利尔,76,2022-01-07,4.82,False,105,0.3825,2024-02-09,2.9765120911818572,True,True,,,,,False,2024-04-26,28,1.006,,1.7136,True,True,False,0.0,True,1.0486,0.9913,0,-1.33,0.0,['4A'],33.0,76.0,,,,,2024-05-24,3.6325766023281956,2024-08-23,2.9165343229335985,-19.71
002237.SZ,恒邦股份,62,2019-07-05,18.86,False,131,0.54,2024-02-02,8.675216610937804,True,True,,,,,False,2024-03-29,56,1.0385,,1.6133,True,True,False,0.0,True,1.1406,1.159,0,11.37,0.0,"['4A', '4B']",91.0,62.0,26.0,47.0,"{'instrument': '002237.SZ', 'stock_name': '恒邦股份', 'score': 47, 'mode': '4B_fresh_breakout', 'current_close_vs_ma20w': 1.1406, 'current_close_vs_ma120w': 1.159, 'recent_3m_big_days': 0, 'post_trigger_ret_pct': 11.37, 'trigger_recency_days': 56, 'trigger_week': '2024-03-29', 'vr': 1.6133, 'launch_ma': True, 'drawdown_ratio': 0.54, 'bear_weeks': 131, 'trough_date': '2024-02-02', 'pre_peak_surge': False}",,2024-05-24,12.348481177966553,2024-08-23,9.897918604795096,-19.85
000533.SZ,顺钠股份,83,2022-07-22,4.92,False,78,0.4085,2024-02-09,2.9101005492892305,True,True,,,,,False,2024-03-22,63,1.0172,,1.0162,True,True,False,0.0,True,0.9892,0.9546,0,-4.25,0.0,['4A'],16.0,83.0,,,,,2024-05-24,3.830082108021914,2024-08-23,3.070001051312581,-19.85
603321.SH,梅轮电梯,76,2019-10-11,8.57,False,118,0.4181,2024-02-09,4.986819074161826,True,True,,,,,False,2024-04-12,42,1.018,,1.21,True,True,False,1.0,True,1.0473,1.0466,1,2.46,1.0,['4A'],32.0,76.0,,,,,2024-05-24,7.128097394704442,2024-08-23,5.701765640230732,-20.01
601113.SH,华鼎股份,52,2019-03-15,10.39,False,147,0.7093,2024-02-02,3.019909014752511,True,True,,,,,False,2024-05-17,7,1.0113,,2.1974,True,True,False,4.0,False,1.0608,0.966,2,-4.42,0.0,['4A'],147.0,52.0,,,,,2024-05-24,3.6799235475449477,2024-08-23,2.9400647369844926,-20.11
300444.SZ,双杰电气,73,2019-04-19,10.21,False,86,0.5808,2022-12-23,4.28,True,True,2022-12-23,2023-05-12,20.0,46654233.0,True,2023-05-19,371,1.3199,,5.6398,True,True,True,4.0,False,1.1299,1.1973,0,-10.98,3.0,['4A'],43.0,73.0,,,,,2024-05-24,7.049996437579321,2024-08-23,5.629919021944147,-20.14
603558.SH,健盛集团,39,,,False,26,0.4422,2022-10-28,,,,,,,,,2024-02-09,105,,,1.6783,True,,,,,1.0726,1.1997,0,15.88,,['4B'],,,29.0,39.0,,4B_fresh_breakout,2024-05-24,10.107451950442536,2024-08-23,8.060220986007607,-20.25
002035.SZ,华帝股份,97,,,False,55,0.7029,2022-04-29,,,,,,,,,2024-04-12,42,,,1.6097,True,,,,,1.2482,1.3274,2,24.34,,['4B'],,,2.0,97.0,,4B_fresh_breakout,2024-05-24,7.337660945180368,2024-08-23,5.821611297192593,-20.66
300791.SZ,仙乐健康,59,,,False,14,0.5278,2022-04-29,,,,,,,,,2024-02-09,105,,,0.843,True,,,,,1.1343,1.2631,0,28.64,,['4B'],,,20.0,59.0,,4B_fresh_breakout,2024-05-24,22.34847965095231,2024-08-23,17.72594895669727,-20.68
301008.SZ,宏昌科技,48,2022-01-07,24.39,False,105,0.4972,2024-02-09,12.263991743453388,True,True,,,,,False,2024-05-24,0,1.0912,,2.0485,True,True,False,2.0,True,1.1739,1.0912,1,0.0,0.0,['4A'],162.0,48.0,,,,,2024-05-24,20.40047777473067,2024-08-23,16.14033650363738,-20.88
300722.SZ,新余国科,44,2022-02-25,25.59,True,98,0.3896,2024-02-02,15.620824334316332,True,True,,,,,False,2024-05-24,0,1.1953,,5.151,True,True,False,3.0,False,1.3079,1.1953,3,0.0,0.0,['4A'],174.0,44.0,,,,,2024-05-24,24.1189680888363,2024-08-23,19.041448784925148,-21.05
600796.SH,钱江生化,59,2019-04-12,6.32,False,144,0.3542,2024-02-09,4.081432014468839,True,True,,,,,False,2024-05-10,14,1.0094,,4.1137,True,True,False,3.0,False,1.0009,0.9314,3,-7.78,0.0,['4A'],124.0,59.0,,,,,2024-05-24,4.921345525305504,2024-08-23,3.880255125645686,-21.15
603515.SH,欧普照明,63,2019-03-29,34.33,False,81,0.6304,2022-10-28,12.69,True,True,2022-12-09,2023-05-05,21.0,8797175.0,True,2023-09-01,266,1.038,,2.5595,True,True,True,2.0,True,1.1662,1.1327,0,-6.99,0.0,['4A'],86.0,63.0,,,,,2024-05-24,17.89447235070071,2024-08-23,14.088013147420437,-21.27
000683.SZ,博源化工,51,2022-06-10,9.69,True,83,0.5321,2024-02-02,4.533728126915578,True,True,,,,,False,2024-05-10,14,1.0163,,1.5964,True,True,False,1.0,True,1.2271,0.9939,0,-0.9,0.0,['4A'],151.0,51.0,,,,,2024-05-24,7.0131342172155895,2024-08-23,5.519260783115064,-21.3
002716.SZ,湖南白银,30,2019-03-22,8.3,False,145,0.7265,2024-02-02,2.270106863596957,True,True,,,,,False,2024-03-15,70,1.1019,,3.9712,True,True,False,2.0,True,1.2203,1.2581,5,17.3,3.0,"['4A', '4B']",188.0,30.0,6.0,97.0,"{'instrument': '002716.SZ', 'stock_name': '湖南白银', 'score': 97, 'mode': '4B_fresh_breakout', 'current_close_vs_ma20w': 1.2203, 'current_close_vs_ma120w': 1.2581, 'recent_3m_big_days': 5, 'post_trigger_ret_pct': 17.3, 'trigger_recency_days': 70, 'trigger_week': '2024-03-15', 'vr': 3.9712, 'launch_ma': True, 'drawdown_ratio': 0.7265, 'bear_weeks': 145, 'trough_date': '2024-02-02', 'pre_peak_surge': False}",,2024-05-24,3.7299666508644904,2024-08-23,2.929939379184759,-21.45
000599.SZ,青岛双星,35,2019-04-04,6.05,False,145,0.5008,2024-02-09,3.019964677448741,True,True,,,,,False,2024-03-15,70,1.0039,,1.1557,True,True,False,0.0,True,,,1,-2.13,1.0,['4A'],184.0,35.0,,,,,2024-05-24,4.13003882636303,2024-08-23,3.2400620693411555,-21.55
002171.SZ,楚江新材,71,2022-01-07,11.31,True,104,0.4884,2024-02-02,5.786384401218956,True,True,,,,,False,2024-03-22,63,1.0809,,2.712,True,True,False,0.0,True,0.9842,0.9095,1,-14.22,0.0,['4A'],53.0,71.0,,,,,2024-05-24,7.063648906364033,2024-08-23,5.538276218943229,-21.59
002884.SZ,凌霄泵业,62,,,True,40,0.4216,2022-10-28,,,,,,,,,2024-02-09,105,,,1.3928,True,,,,,1.092,1.2209,0,16.93,,['4B'],,,17.0,62.0,,4B_fresh_breakout,2024-05-24,19.137221277050866,2024-08-23,14.987934529456652,-21.68
002019.SZ,亿帆医药,62,2022-01-14,20.73,False,103,0.5252,2024-02-02,9.842934397431229,True,True,,,,,False,2024-05-10,14,1.0171,,1.5886,True,True,False,1.0,True,1.0874,0.9929,0,-2.67,0.0,['4A'],101.0,62.0,,,,,2024-05-24,13.271226658383526,2024-08-23,10.363542260347279,-21.91
601233.SH,桐昆股份,65,2022-02-18,22.78,True,99,0.5089,2024-02-02,11.186200127198314,True,True,,,,,False,2024-05-10,14,1.0298,,2.5795,True,True,False,2.0,True,1.1208,1.04,1,1.17,0.0,['4A'],81.0,65.0,,,,,2024-05-24,15.346264653674876,2024-08-23,11.939578045781102,-22.2
001207.SZ,联科科技,62,2022-01-14,20.14,False,104,0.4684,2024-02-09,10.705569242098925,True,True,,,,,False,2024-05-24,0,1.0658,,0.7315,True,False,False,2.0,True,1.131,1.0658,0,0.0,0.0,['4A'],113.0,62.0,,,,,2024-05-24,16.088524349361084,2024-08-23,12.473469673010019,-22.47
600675.SH,中华企业,92,2019-03-15,5.19,False,83,0.5337,2022-10-28,2.42,True,True,2022-12-23,2023-05-26,22.0,68900632.0,True,2023-07-28,301,1.0477,,3.7807,True,True,True,1.0,True,1.0441,1.0307,1,-13.01,8.0,['4A'],2.0,92.0,,,,,2024-05-24,3.1732494335151484,2024-08-23,2.4599889840611597,-22.48
603693.SH,江苏新能,44,2022-02-25,19.03,True,98,0.5286,2024-02-02,8.970553862782968,True,True,,,,,False,2024-05-17,7,1.0623,,6.6079,True,True,False,3.0,False,1.2228,1.0256,2,-3.07,0.0,['4A'],171.0,44.0,,,,,2024-05-24,12.943147672097849,2024-08-23,10.014130163184797,-22.63
603861.SH,白云电器,55,2019-01-11,13.66,False,107,0.4895,2024-02-09,6.973604222696095,True,True,,,,,False,2024-05-24,0,1.0193,,2.5425,True,True,False,3.0,False,1.0964,1.0193,2,0.0,0.0,['4A'],142.0,55.0,,,,,2024-05-24,9.109212634055616,2024-08-23,7.02268802399794,-22.91
601969.SH,海南矿业,65,2022-03-04,11.28,True,97,0.5368,2024-02-02,5.225325872821863,True,True,,,,,False,2024-04-19,35,1.0121,,2.1613,True,True,False,0.0,True,1.0767,0.9563,0,-4.61,0.0,['4A'],73.0,65.0,,,,,2024-05-24,6.9269695487498835,2024-08-23,5.324864917931858,-23.13
600866.SH,星湖科技,29,2022-03-25,7.71,True,94,0.5571,2024-02-02,3.4144900849422304,True,True,,,,,False,2024-05-03,21,1.0112,,2.2632,True,True,False,1.0,True,1.4168,1.2136,4,21.73,2.0,['4A'],190.0,29.0,,,,,2024-05-24,6.142497642407099,2024-08-23,4.702841184818488,-23.44
301019.SZ,宁波色母,62,2022-01-14,18.42,False,104,0.412,2024-02-09,10.83117445256904,True,True,,,,,False,2024-05-24,0,1.0742,,2.8488,True,True,False,2.0,True,1.1405,1.0742,1,0.0,0.0,['4A'],115.0,62.0,,,,,2024-05-24,15.450173139560308,2024-08-23,11.808253641288216,-23.57
600649.SH,城投控股,41,2019-04-04,8.16,False,154,0.6059,2024-04-19,3.216029336938126,True,True,,,,,False,2024-05-17,7,1.109,,3.7321,True,True,False,0.0,True,1.18,1.0838,2,-2.5,1.0,['4A'],178.0,41.0,,,,,2024-05-24,4.180831924310623,2024-08-23,3.191671597886795,-23.66
300215.SZ,电科院,41,2022-01-07,9.49,False,105,0.6501,2024-02-09,3.3201107060744413,True,True,,,,,False,2024-05-24,0,1.0203,,4.3664,True,True,False,2.0,True,1.3269,1.0203,3,0.0,0.0,['4A'],180.0,41.0,,,,,2024-05-24,5.85493354982554,2024-08-23,4.459974528394197,-23.83
300397.SZ,天和防务,44,2020-01-03,16.35,True,106,0.6141,2024-02-09,6.309949558879845,True,True,,,,,False,2024-04-26,28,1.002,,2.9764,True,True,False,2.0,True,1.1978,1.0105,3,-0.46,1.0,['4A'],169.0,44.0,,,,,2024-05-24,10.829877867947074,2024-08-23,8.219914974766255,-24.1
003013.SZ,地铁设计,62,2022-02-18,19.87,False,108,0.3112,2024-04-12,13.686389286001372,True,True,,,,,False,2024-05-24,0,1.0105,,1.8601,True,True,False,1.0,True,1.0589,1.0105,1,0.0,0.0,['4A'],114.0,62.0,,,,,2024-05-24,15.987663576148545,2024-08-23,12.107457019935019,-24.27
600805.SH,悦达投资,76,2019-04-19,7.07,False,143,0.5011,2024-02-09,3.5269335377155646,True,True,,,,,False,2024-05-10,14,1.0068,,1.3453,True,True,False,4.0,False,1.0153,0.9754,1,-3.29,0.0,['4A'],38.0,76.0,,,,,2024-05-24,4.344620480438306,2024-08-23,3.280669495300573,-24.49
603505.SH,金石资源,62,,,True,63,0.3907,2024-02-02,,,,,,,,,2024-02-09,105,,,1.33,True,,,,,1.0828,1.2455,0,21.16,,['4B'],,,18.0,62.0,,4B_fresh_breakout,2024-05-24,22.143551741064517,2024-08-23,16.614431957273602,-24.97
002688.SZ,金河生物,48,2022-01-07,5.93,False,105,0.4688,2024-02-09,3.1502862762498256,True,True,,,,,False,2024-05-17,7,1.0304,,1.6543,True,True,False,0.0,True,1.1886,1.0012,0,-3.0,0.0,['4A'],161.0,48.0,,,,,2024-05-24,4.672557139212623,2024-08-23,3.5042166661478156,-25.0
000822.SZ,山东海化,69,2022-06-10,10.0,True,83,0.4531,2024-02-02,5.469315835093158,True,True,,,,,False,2024-04-12,42,1.0012,,1.8056,True,True,False,0.0,True,1.0237,0.9108,0,-7.27,0.0,['4A'],59.0,69.0,,,,,2024-05-24,6.679937438518515,2024-08-23,4.989928807798654,-25.3
603368.SH,柳药集团,37,,,False,32,0.464,2022-04-22,,,,,,,,,2024-03-01,84,,,1.7067,True,,,,,1.0798,1.1512,0,8.27,,['4B'],,,32.0,37.0,,4B_fresh_breakout,2024-05-24,20.56100907661914,2024-08-23,15.27792861466301,-25.69
000993.SZ,闽东电力,65,2022-05-20,14.19,True,87,0.4339,2024-02-09,8.032998245988582,True,True,,,,,False,2024-05-10,14,1.0175,,1.5766,True,True,False,4.0,False,1.0796,0.9625,1,-4.93,0.0,['4A'],79.0,65.0,,,,,2024-05-24,10.35008489786089,2024-08-23,7.629839182113148,-26.28
002897.SZ,意华股份,44,2022-08-19,76.64,True,83,0.6104,2024-04-19,29.85817809910045,True,True,,,,,False,2024-05-24,0,1.0863,,2.1492,True,True,False,2.0,True,1.3367,1.0863,2,0.0,0.0,['4A'],172.0,44.0,,,,,2024-05-24,46.871612428643985,2024-08-23,34.507662071997174,-26.38
300732.SZ,设研院,41,2019-03-22,15.38,False,147,0.5845,2024-02-09,6.39034902305065,True,True,,,,,False,2024-05-17,7,1.0363,,3.6054,True,True,False,3.0,False,1.1783,0.9608,3,-7.27,0.0,['4A'],177.0,41.0,,,,,2024-05-24,9.060068723654258,2024-08-23,6.609972317841141,-27.04
300040.SZ,九洲集团,44,2022-02-25,8.61,True,99,0.5727,2024-02-09,3.67916195444329,True,True,,,,,False,2024-05-24,0,1.0611,,4.347,True,True,False,2.0,True,1.3708,1.0611,2,0.0,0.0,['4A'],173.0,44.0,,,,,2024-05-24,6.49707558381575,2024-08-23,4.738759334958245,-27.06
002563.SZ,森马服饰,47,,,False,51,0.6608,2022-10-28,,,,,,,,,2024-04-12,42,,,1.1215,True,,,,,1.1287,1.1687,0,11.7,,['4B'],,,25.0,47.0,,4B_fresh_breakout,2024-05-24,5.857551832951568,2024-08-23,4.2716416128338865,-27.07
300621.SZ,维业股份,62,2019-08-30,12.47,False,124,0.4776,2024-02-09,6.51406001401158,True,True,,,,,False,2024-05-17,7,1.0265,,2.5332,True,True,False,3.0,False,1.084,1.0238,1,-0.31,0.0,['4A'],110.0,62.0,,,,,2024-05-24,9.676476733905782,2024-08-23,7.051930070878831,-27.12
300067.SZ,安诺其,49,2019-04-04,5.6,False,145,0.5937,2024-02-09,2.275403424491093,True,True,,,,,False,2024-02-23,91,1.2916,,9.2946,True,True,False,4.0,False,1.0583,1.2655,5,-0.23,5.0,['4A'],157.0,49.0,,,,,2024-05-24,4.303406858890991,2024-08-23,3.1342969447783977,-27.17
000552.SZ,甘肃能化,65,2022-06-10,4.62,True,83,0.4277,2024-02-02,2.6441651927168603,True,True,,,,,False,2024-04-19,35,1.0518,,3.9982,True,True,False,0.0,True,1.1197,1.0491,0,1.71,0.0,['4A'],72.0,65.0,,,,,2024-05-24,3.3618127065315906,2024-08-23,2.4224139558003297,-27.94
300187.SZ,永清环保,62,2022-03-11,8.09,False,97,0.498,2024-02-09,4.061311361248643,True,True,,,,,False,2024-04-05,49,1.0071,,1.6074,True,True,False,2.0,True,1.0753,0.9531,1,-3.82,0.0,['4A'],92.0,62.0,,,,,2024-05-24,5.53297466702813,2024-08-23,3.986435699416132,-27.95
300991.SZ,创益通,25,2022-01-14,21.48,False,104,0.5618,2024-02-09,9.413103551838976,True,True,,,,,False,2024-05-24,0,1.3931,,3.3231,True,True,False,3.0,False,1.417,1.3931,4,0.0,0.0,['4A'],192.0,25.0,,,,,2024-05-24,21.000297994901832,2024-08-23,15.120704216439956,-28.0
002739.SZ,万达电影,83,2019-04-19,26.01,False,78,0.6282,2022-10-28,9.67,True,True,2023-07-07,2023-12-15,23.0,111338898.0,True,2024-03-15,70,1.0558,,1.5547,True,True,True,0.0,True,1.0051,1.046,0,-1.66,0.0,['4A'],14.0,83.0,,,,,2024-05-24,13.619866160588938,2024-08-23,9.71014947255435,-28.71
002802.SZ,洪汇新材,55,2022-03-11,15.1,False,97,0.5407,2024-02-09,6.935259384315613,True,True,,,,,False,2024-05-17,7,1.0262,,3.2909,True,True,False,2.0,True,1.116,0.9725,2,-5.19,0.0,['4A'],138.0,55.0,,,,,2024-05-24,10.603176008145097,2024-08-23,7.550982460479426,-28.79
002255.SZ,海陆重工,69,2022-01-07,6.49,False,104,0.3659,2024-02-02,4.115249983729699,True,True,,,,,False,2024-03-22,63,1.014,,1.0866,True,True,False,2.0,True,1.1219,1.0899,0,11.17,0.0,['4A'],57.0,69.0,,,,,2024-05-24,5.834998843868222,2024-08-23,4.145139945842785,-28.96
603579.SH,荣泰健康,41,2019-03-29,27.52,False,145,0.5555,2024-02-02,12.232607951090998,True,True,,,,,False,2024-04-26,28,1.0275,,2.6592,True,True,False,2.0,True,1.1653,1.0887,2,5.36,0.0,['4A'],176.0,41.0,,,,,2024-05-24,17.292944198498418,2024-08-23,12.160680613179066,-29.68
603727.SH,博迈科,62,2019-07-26,19.92,False,79,0.4894,2024-02-02,10.171916783144741,True,True,,,,,False,2024-05-03,21,1.1254,,0.8424,True,False,False,1.0,True,1.1201,1.0733,0,-4.0,0.0,['4A'],100.0,62.0,,,,,2024-05-24,14.37699603980424,2024-08-23,10.085139567186163,-29.85
000555.SZ,神州信息,63,2022-02-11,15.54,False,100,0.4769,2024-02-02,8.128896857572279,True,True,,,,,False,2024-03-22,63,1.0624,,3.4644,True,True,False,1.0,True,1.0964,1.0212,2,-4.39,2.0,['4A'],87.0,63.0,,,,,2024-05-24,11.939140291354223,2024-08-23,8.270156811479314,-30.73
000899.SZ,赣能股份,100,,,True,77,0.5949,2024-02-02,,,,,,,,,2024-04-05,49,,,0.6577,True,,,,,1.3137,1.3667,3,41.05,,['4B'],,,1.0,100.0,,4B_fresh_breakout,2024-05-24,10.776244118368377,2024-08-23,7.404432712284701,-31.29
000514.SZ,渝 开 发,41,2022-04-15,7.43,False,92,0.6217,2024-02-09,2.810910820617102,True,True,,,,,False,2024-05-24,0,1.0562,,3.3776,True,True,False,3.0,False,1.2675,1.0562,3,0.0,0.0,['4A'],179.0,41.0,,,,,2024-05-24,4.5154976551975015,2024-08-23,3.090085116318985,-31.57
002343.SZ,慈文传媒,74,2020-01-03,12.11,False,106,0.6515,2024-02-09,4.219995677674894,True,True,,,,,False,2024-03-01,84,1.016,,1.8933,True,True,False,1.0,True,0.9782,1.0713,6,3.47,6.0,['4A'],41.0,74.0,,,,,2024-05-24,6.870065502204412,2024-08-23,4.670107725900617,-32.02
600490.SH,鹏欣资源,54,2019-04-19,6.38,False,142,0.6395,2024-02-02,2.2999745089645014,True,True,,,,,False,2024-04-12,42,1.0285,,4.4169,True,True,False,2.0,True,1.0424,0.9092,2,-12.43,0.0,['4A'],144.0,54.0,,,,,2024-05-24,3.1699725743409606,2024-08-23,2.1200042514108737,-33.12
600094.SH,大名城,13,2019-04-19,9.44,False,143,0.7146,2024-02-09,2.6938659306955457,True,True,,,,,False,2024-04-12,42,1.1126,,3.3053,True,True,False,2.0,True,1.3979,1.4027,4,22.66,2.0,"['4A', '4B']",193.0,13.0,3.0,97.0,"{'instrument': '600094.SH', 'stock_name': '大名城', 'score': 97, 'mode': '4B_fresh_breakout', 'current_close_vs_ma20w': 1.3979, 'current_close_vs_ma120w': 1.4027, 'recent_3m_big_days': 4, 'post_trigger_ret_pct': 22.66, 'trigger_recency_days': 42, 'trigger_week': '2024-04-12', 'vr': 3.3053, 'launch_ma': True, 'drawdown_ratio': 0.7146, 'bear_weeks': 143, 'trough_date': '2024-02-09', 'pre_peak_surge': False}",,2024-05-24,4.664934745096396,2024-08-23,3.119780690918924,-33.12
600538.SH,国发股份,83,2022-01-14,6.17,False,104,0.4052,2024-02-09,3.6699528012721494,True,True,,,,,False,2024-03-22,63,1.004,,0.8018,True,False,False,0.0,True,0.9974,0.9669,0,-3.54,0.0,['4A'],17.0,83.0,,,,,2024-05-24,4.620136000681899,2024-08-23,3.059862495640207,-33.77
603518.SH,锦泓集团,87,2019-04-04,12.32,False,80,0.5593,2022-10-28,5.43,True,True,2023-08-18,2024-01-05,20.0,23351460.0,True,2024-01-12,133,1.2146,,1.4687,True,True,True,1.0,True,1.0045,1.1143,0,-3.5,1.0,['4A'],8.0,87.0,,,,,2024-05-24,9.240418298778371,2024-08-23,6.046748764349814,-34.56
002021.SZ,中捷资源,38,2019-03-22,2.86,False,111,0.5895,2023-05-26,1.173953334704138,True,True,,,,,False,2023-06-16,343,1.0022,,0.9462,True,False,False,0.0,True,1.2726,1.4941,0,54.29,0.0,['4A'],181.0,38.0,,,,,2024-05-24,2.459966243173999,2024-08-23,1.580039990096692,-35.77
002225.SZ,濮耐股份,31,2019-04-04,5.56,False,145,0.487,2024-02-09,2.852212668231073,True,True,,,,,False,2024-05-10,14,1.139,,4.7804,True,True,False,2.0,True,1.375,1.2615,2,11.13,1.0,['4A'],187.0,31.0,,,,,2024-05-24,4.857729497833916,2024-08-23,3.095199343813731,-36.28
600543.SH,莫高股份,55,2019-04-04,8.36,False,145,0.4916,2024-02-09,4.249833829833675,True,True,,,,,False,2024-03-15,70,1.0112,,0.9495,True,False,False,0.0,True,1.1702,1.1286,0,11.51,0.0,['4A'],131.0,55.0,,,,,2024-05-24,6.489983970611957,2024-08-23,4.070086227521634,-37.29
301188.SZ,力诺药包,62,2022-01-14,25.3,False,88,0.5273,2023-10-20,11.960375671822375,True,True,,,,,False,2024-05-24,0,1.0655,,0.8491,True,False,False,2.0,True,1.0581,1.0655,1,0.0,0.0,['4A'],116.0,62.0,,,,,2024-05-24,17.549941699211637,2024-08-23,10.895834555033657,-37.92
600589.SH,大位科技,63,2019-03-08,5.21,False,114,0.7447,2023-06-02,1.329958581641727,True,True,,,,,False,2023-08-25,273,1.0731,,1.0675,True,True,False,0.0,True,0.9934,1.6165,0,47.31,0.0,['4A'],85.0,63.0,,,,,2024-05-24,3.9300627928407645,2024-08-23,2.3799258829378274,-39.44
